{"insult_precision":0.8646362098138748,"toxic_f1":0.41116389358412575,"identity_hate_precision":0.7773851590106007,"train_size":159571,"classifier_type":"MultiOutputClassifier","toxic_precision":0.8683133141600407,"vectorizer_type":"CountVectorizer","_step":7,"_wandb":{"runtime":18},"severe_toxic_f1":0.10632710903634544,"insult_recall":0.17656268558409727,"identity_hate_pct":0.00880485802558109,"threat_recall":0.015201852411154737,"severe_toxic_precision":0.7953234606391271,"severe_toxic_accuracy":0.4400511869629939,"toxic_recall":0.26935429698979807,"threat_accuracy":0.42088219163772167,"obscene_recall":0.1915867222240167,"obscene_pct":0.052948217407925,"obscene_precision":0.8758613900374089,"toxic_accuracy":0.5200895771852394,"identity_hate_recall":0.05139157712073684,"_runtime":18,"_timestamp":1.755557396094697e+09,"severe_toxic_pct":0.009995550569965721,"threat_f1":0.029731562711938567,"insult_f1":0.29324366733916163,"obscene_f1":0.31440106720380234,"insult_pct":0.04936360616904074,"threat_pct":0.002995531769557125,"identity_hate_accuracy":0.4345864563474446,"insult_accuracy":0.48538168237967144,"threat_precision":0.6724393864423552,"obscene_accuracy":0.49332088480321745,"identity_hate_f1":0.09640967853006542,"severe_toxic_recall":0.05697184907261622,"toxic_pct":0.09584448302009764}