{"identity_hate_pct":0.00880485802558109,"toxic_precision":0.8716144313617795,"identity_hate_accuracy":0.4350761275495547,"classifier_type":"MultiOutputClassifier","severe_toxic_accuracy":0.44024052649447654,"threat_pct":0.002995531769557125,"obscene_precision":0.8804331553470732,"_step":7,"insult_precision":0.8665776115415442,"_wandb":{"runtime":20},"train_size":159571,"identity_hate_precision":0.7745034190817324,"insult_pct":0.04936360616904074,"identity_hate_f1":0.09906289046230737,"severe_toxic_recall":0.057630676805913814,"severe_toxic_precision":0.7935116851168512,"identity_hate_recall":0.05291552648557254,"obscene_recall":0.18996091605026003,"insult_accuracy":0.4849181269750072,"_runtime":20,"toxic_accuracy":0.5193061032618631,"threat_precision":0.6596244131455399,"insult_f1":0.29135527450416787,"threat_accuracy":0.42077119949857666,"insult_recall":0.17511580447669334,"_timestamp":1.75556858732716e+09,"threat_f1":0.03070132310684279,"severe_toxic_f1":0.10745703072134254,"toxic_recall":0.26649943322557623,"toxic_pct":0.09584448302009764,"stratification":"obscene","severe_toxic_pct":0.009995550569965721,"vectorizer_type":"CountVectorizer","obscene_accuracy":0.49315766106918074,"toxic_f1":0.4081924650542172,"obscene_pct":0.052948217407925,"obscene_f1":0.312497785964788,"threat_recall":0.015716411065248275}