{"_wandb":{"runtime":19},"threat_f1":0.03324027220380387,"train_size":159571,"severe_toxic_precision":0.7949168797953964,"insult_recall":0.17424119724012826,"toxic_recall":0.26724463663461945,"obscene_recall":0.19002551762007816,"identity_hate_accuracy":0.4341229009427803,"obscene_f1":0.3124933602464677,"threat_accuracy":0.42122169700451806,"insult_accuracy":0.48430440573502914,"insult_f1":0.29007729642279345,"toxic_f1":0.40903139784255294,"identity_hate_precision":0.7756322624743678,"_timestamp":1.7555690611530051e+09,"threat_precision":0.6628969117007395,"_runtime":19,"stratification":"obscene","toxic_precision":0.8713000034219621,"classifier_type":"MultiOutputClassifier","identity_hate_recall":0.050490555963425214,"toxic_pct":0.09584448302009764,"identity_hate_pct":0.00880485802558109,"obscene_accuracy":0.49297485048705963,"identity_hate_f1":0.09480939947780678,"severe_toxic_accuracy":0.43940482097620853,"threat_pct":0.002995531769557125,"toxic_accuracy":0.5196325507299365,"threat_recall":0.017047551931272862,"severe_toxic_pct":0.009995550569965721,"vectorizer_type":"CountVectorizer","insult_precision":0.8653938971416314,"obscene_precision":0.8789780367548184,"obscene_pct":0.052948217407925,"_step":7,"severe_toxic_recall":0.05553136131676214,"severe_toxic_f1":0.1038107067185755,"insult_pct":0.04936360616904074}