{"threat_pct":0.002995531769557125,"threat_precision":0.4727272727272727,"identity_hate_f1":0.002707981887596555,"severe_toxic_precision":0.6580645161290323,"insult_f1":0.12424986910467599,"toxic_recall":0.16570804819681767,"toxic_precision":0.9224656733859188,"identity_hate_recall":0.0013570935949631805,"_wandb":{"runtime":18},"obscene_precision":0.9359344337989149,"identity_hate_accuracy":0.41330861037841793,"toxic_f1":0.28094776272121436,"insult_pct":0.04936360616904074,"_runtime":18,"toxic_pct":0.09584448302009764,"threat_accuracy":0.41631192708469356,"severe_toxic_accuracy":0.41595283486981277,"severe_toxic_f1":0.0045402445945494805,"toxic_accuracy":0.4723629573529028,"insult_recall":0.06662131666180773,"insult_accuracy":0.43213810033689376,"identity_hate_pct":0.00880485802558109,"insult_precision":0.9204833656571685,"threat_f1":0.0005813173545588696,"identity_hate_precision":0.5922330097087378,"threat_recall":0.0002908375001398257,"obscene_pct":0.052948217407925,"obscene_accuracy":0.44292392468204017,"_timestamp":1.7555566822986956e+09,"obscene_recall":0.08729825468092207,"train_size":159571,"severe_toxic_recall":0.0022779806371645843,"obscene_f1":0.15970061059680915,"_step":6,"severe_toxic_pct":0.009995550569965721}