{"vectorizer_type":"TfidfVectorizer","toxic_accuracy":0.4723956020997101,"obscene_recall":0.08794427037910355,"toxic_precision":0.9201812478215406,"_step":7,"identity_hate_precision":0.6352941176470588,"threat_precision":0.5476190476190477,"obscene_accuracy":0.44351153012457234,"insult_recall":0.06653493570017169,"obscene_precision":0.9396065800069021,"identity_hate_pct":0.00880485802558109,"severe_toxic_pct":0.009995550569965721,"insult_f1":0.1241187608266527,"severe_toxic_f1":0.0042524769008126465,"threat_recall":0.0002572793270467689,"train_size":159571,"threat_f1":0.0005143170205391385,"insult_accuracy":0.4321903319317855,"toxic_pct":0.09584448302009764,"severe_toxic_recall":0.002132815204404096,"_runtime":18,"obscene_f1":0.16083489219257655,"_wandb":{"runtime":18},"classifier_type":"MultiOutputClassifier","threat_accuracy":0.41635762973022383,"_timestamp":1.7555572605684764e+09,"insult_precision":0.9225932025752358,"identity_hate_f1":0.0023981880357063553,"obscene_pct":0.052948217407925,"toxic_recall":0.16625383097527185,"severe_toxic_precision":0.6895306859205776,"insult_pct":0.04936360616904074,"threat_pct":0.002995531769557125,"identity_hate_accuracy":0.41336084197330963,"severe_toxic_accuracy":0.41599853751534305,"identity_hate_recall":0.0012013615430821597,"toxic_f1":0.28162503333629657}