{"threat_pct":0.002995531769557125,"insult_accuracy":0,"severe_toxic_pct":0.009995550569965721,"toxic_accuracy":0,"_timestamp":1.75555609492097e+09,"threat_f1":0.0005813368511665865,"insult_precision":0.9217600240276318,"insult_recall":0.06627579281526351,"train_size":159571,"toxic_f1":0.28072953736654804,"identity_hate_precision":0.6038647342995169,"identity_hate_accuracy":0,"obscene_f1":0.1593828814627995,"toxic_precision":0.9213384723195515,"obscene_precision":0.9376376492407558,"severe_toxic_recall":0.0022668140654137775,"toxic_recall":0.16559259414752928,"threat_precision":0.5,"obscene_recall":0.08709368304316462,"obscene_pct":0.052948217407925,"insult_pct":0.04936360616904074,"identity_hate_recall":0.001390464748937685,"_runtime":18,"threat_recall":0.0002908375001398257,"identity_hate_f1":0.0027745408134953664,"toxic_pct":0.09584448302009764,"_wandb":{"runtime":18},"identity_hate_pct":0.00880485802558109,"_step":6,"obscene_accuracy":0,"severe_toxic_f1":0.004518340455840456,"severe_toxic_accuracy":0,"severe_toxic_precision":0.66996699669967,"threat_accuracy":0,"insult_f1":0.12366024659521316}