{"obscene_f1":0.31611559305876746,"insult_precision":0.8622788761706556,"insult_accuracy":0.4862565615941083,"insult_pct":0.04936360616904074,"toxic_recall":0.2733951887148915,"obscene_accuracy":0.49413700347340106,"insult_f1":0.2963883647939338,"toxic_pct":0.09584448302009764,"train_size":159571,"identity_hate_f1":0.09925387889320166,"toxic_f1":0.4159759817307846,"vectorizer_type":"CountVectorizer","classifier_type":"MultiOutputClassifier","stratification":"obscene","_runtime":19,"threat_f1":0.028634240776996358,"obscene_pct":0.052948217407925,"_wandb":{"runtime":19},"obscene_precision":0.8770632316207082,"toxic_precision":0.8693678659635539,"identity_hate_precision":0.769317631876109,"severe_toxic_accuracy":0.440971768822961,"_step":7,"identity_hate_pct":0.00880485802558109,"threat_precision":0.6441929133858267,"threat_accuracy":0.4201574782585986,"threat_pct":0.002995531769557125,"severe_toxic_f1":0.10977220033062664,"identity_hate_accuracy":0.43486067222062624,"severe_toxic_precision":0.7964695232347616,"obscene_recall":0.19280338512225847,"insult_recall":0.1789489596492933,"toxic_accuracy":0.5224595858034525,"identity_hate_recall":0.053049011101470554,"_timestamp":1.7555579293861678e+09,"threat_recall":0.014642549526270457,"severe_toxic_pct":0.009995550569965721,"severe_toxic_recall":0.058948332272509014}